{
  "project_info": {
    "project_number": "816553173093",
    "project_id": "pidod-2x7le6",
    "storage_bucket": "pidod-2x7le6.appspot.com"
  },
  "client": [
    {
      "client_info": {
        "mobilesdk_app_id": "1:816553173093:android:22296d9255fa701056268c",
        "android_client_info": {
          "package_name": "com.mycompany.futbollconect"
        }
      },
      "oauth_client": [],
      "api_key": [
        {
          "current_key": "AIzaSyCcbK2HV0UxSdTcqvRHAsPnJAnAJTMvpL4"
        }
      ],
      "services": {
        "appinvite_service": {
          "other_platform_oauth_client": []
        }
      }
    }
  ],
  "configuration_version": "1"
}